episode,w_conn,w_mat,w_struct
1,8.038739090625823,1.016850807001974,3.0672694821347957
2,8.05545158998813,1.0158508070019738,2.979517561639615
3,8.080550431271853,1.0010419397970705,2.9293016358986605
4,8.097895184837679,1.0020419397970703,2.9046790881719398
5,8.120718734851888,0.988392381228664,2.8667344435488102
6,8.124318734851887,0.989392381228664,2.95673444354881
7,8.144423198358325,0.9757071908201884,2.9079601767373027
8,8.174726551184254,0.9747101189878434,2.892534235747285
9,8.197216522691459,0.9611936410848594,2.8549635016523207
10,8.22456587810643,0.9601988888972688,2.8425329998880895
11,8.246709343791506,0.9468482980718209,2.8054608384074995
12,8.276062343778495,0.9458557484281211,2.7924507303410637
13,8.290786966138032,0.9317187888516641,2.6880369520801826
14,8.309784259212723,0.9307319853252948,2.670211353184466
15,8.311384259212723,0.9517319853252948,2.807211353184466
16,8.336481953014223,0.9507378104731851,2.7865999231054204
17,8.358053555929642,0.9376341708777046,2.7502515748658514
18,8.380582164767043,0.9366426155192988,2.7199190045165254
19,8.379218496901581,0.9555863873385917,2.781806548155111
20,8.392395852899575,0.954591933321879,2.7588884114208403
21,8.410489854755616,0.9724895966287971,2.850605891942958
22,8.439015307621547,0.9714902320572735,2.8322629055652526
23,8.478769258678962,0.9918475423752505,2.897699231171659
24,8.500650139504657,0.9908475423752505,2.9027023045524554
25,8.518953047951394,0.9767508767496992,2.8461265102200626
26,8.544944414521202,0.9757508767496992,2.8340634184541478
27,8.544622268965036,0.9956055239654796,2.928624626653747
28,8.569653071918832,0.9946055239654796,2.9228446351588975
29,8.575651215626609,0.9779035284080466,2.790579697587897
30,8.58899585701256,0.9769035912224343,2.75143588693649
31,8.60520686401449,0.9935592328353068,2.815849023204051
32,8.629740221734776,0.9925592328353068,2.7870202822217123
33,8.645104206586234,0.9797984826223728,2.6876110495022463
34,8.661326795801283,0.9788022100616348,2.6652921382518975
35,8.686722344377065,0.9936298374372985,2.75237537572187
36,8.704763592369225,0.9926298374372985,2.7351419339175354
37,8.703088857984769,1.0114533766796685,2.796761565203411
38,8.721167404674311,1.0104533766796684,2.779473985979269
39,8.719414164084862,1.0292313849243084,2.8409641695481627
40,8.737529783700147,1.0282313849243085,2.8236227254798543
41,8.738645805630842,1.0478185438203345,2.9193876535947605
42,8.756352082431537,1.0468185438203346,2.9000114886856396
43,8.77125717841963,1.033262525141531,2.8091580794478967
44,8.790885769654045,1.032262525141531,2.7878149889862645
45,8.803732633666497,1.0205331609813586,2.739000533707257
46,8.823571015858157,1.0195331609813585,2.7166904522026627
47,8.824645514908264,0.9988540888094164,2.646369607298083
48,8.844790914337056,0.9998540888094164,2.6622580810764327
49,8.863391538828038,1.0173586381639999,2.7349206254052327
50,8.882565029242315,1.016358638164,2.7140480341148683
51,8.893788889571987,1.0050778193777616,2.659956084647847
52,8.915340127875742,1.0060766919047688,2.667918070116059
53,8.913521851017899,1.0248454223323693,2.7294214623650253
54,8.930908694580967,1.0238454223323692,2.712648232561378
55,8.929012487472825,1.0425688797114685,2.774022898462472
56,8.946439389384905,1.0415688797114684,2.757193513770863
57,8.945220930941014,1.0601295613500998,2.8303220078561444
58,8.962707427342593,1.0591295613500997,2.813415595287315
59,8.983508730027841,1.0447080678674114,2.7223350095283987
60,9.000693628416212,1.0437080678674113,2.7057038002667997
61,9.022285407560435,1.0570941302047492,2.7723829108937053
62,9.042049052911636,1.056094130204749,2.7365503852817223
63,9.045351564062116,1.0402489012494425,2.634829571999344
64,9.066416082150697,1.0412442402944988,2.6427601953192887
65,9.065105837773054,1.060193698017628,2.7624395706417353
66,9.083873820471233,1.059193698017628,2.736899656948352
67,9.09762062740803,1.0474467490564092,2.6687425857071148
68,9.118130017112378,1.048438987177123,2.946035926669272
69,9.114299351199225,1.0678541647012594,3.0378897360047588
70,9.134862935255757,1.0668541647012593,3.0169356931005824
71,9.151900247058073,1.0530111845480554,2.9657140266408066
72,9.169014154523541,1.0520111845480555,2.9424160948025255
73,9.185243580664334,1.0686823248498587,2.9935201606022113
74,9.202381702966152,1.0676823248498588,2.9767451030232275
75,9.225074947132523,1.0855786319185325,3.1150177320712666
76,9.248720358473916,1.0845786319185324,3.093459911255881
77,9.271942929682307,1.0701434812537065,3.036783325123504
78,9.28877207840585,1.0691434812537066,3.0003073134842864
79,9.299297546949052,1.0875148087218016,3.09880807013839
80,9.314491340365773,1.0865148087218017,3.064929684751802
81,9.332591592297609,1.1004563480642062,3.141645340300932
82,9.347610424715143,1.0994563480642063,3.1274014846109757
83,9.36911737261201,1.0860340864843367,3.0880390478882638
84,9.387182793123634,1.0850340864843366,3.051925916327979
85,9.401841199351471,1.0722210478115237,2.9825500110472967
86,9.421757567949932,1.0712210478115238,2.985981017792514
87,9.436282388527228,1.0596013978100907,2.9368205604205384
88,9.455174002570589,1.0586013978100905,2.9155534626319173
89,9.468644225427422,1.046374497667986,2.852025328852698
90,9.483616110781494,1.045374497667986,2.787962883670474
91,9.481037246675841,1.0637539412364179,2.8484459677584604
92,9.500110330663565,1.0627539412364178,2.8149368550051137
93,9.51191673981844,1.0502258173326764,2.733025513572519
94,9.529242867725763,1.0492258173326763,2.7054168818096422
95,9.536706894187212,1.0492258173326763,2.6172440218395265
96,9.552946710590751,1.050211759702834,2.6389847839386076
97,9.552490017161562,1.0697014390449147,2.7107908461077246
98,9.566577312466748,1.0687014390449148,2.7017233244938406
99,9.570640723331964,1.0578982263793961,2.617912000422777
100,9.593170166677375,1.0588830230535895,2.6353239109814965
101,9.60577917951732,1.0485996806938886,2.586375845080413
102,9.629278123931686,1.0495858163340095,2.6167658442004185
103,9.643865617453287,1.0671388940869238,2.711369617547989
104,9.659247689706834,1.0661388940869236,2.695972389246005
105,9.668366644503216,1.0553753399364387,2.643799177832237
106,9.688227616769566,1.0563570138776603,2.655804790505811
107,9.701213737456243,1.0693160348942663,2.699675999737881
108,9.716419526498434,1.0683160348942662,2.684406312883936
109,9.720407968252237,1.0894420562691998,2.7748588797959495
110,9.731230256064732,1.0884420562691997,2.752562599936373
111,9.725028531152942,1.0727939889141673,2.674547375038792
112,9.740123900172689,1.0717939889141672,2.6593691113057107
113,9.737386094118442,1.0901172172902893,2.7178726603993626
114,9.752527636832745,1.0891172172902894,2.7026349068260336
115,9.768139002707402,1.0714788073901798,2.670446497623196
116,9.784765769892328,1.0704788073901799,2.6474878308677474
117,9.782035850428136,1.0888186100873745,2.7079152323128497
118,9.799312051276857,1.0878186100873746,2.6984844132446897
119,9.796494134354298,1.1061017986209665,2.7587540078332062
120,9.812935278891082,1.1051017986209666,2.7383115093232115
121,9.822525795399297,1.093023493474882,2.661628491748626
122,9.798914735110362,1.092023493474882,2.492904457298496
123,9.799332730239689,1.1126574578421886,2.589423258295609
124,9.817952597499563,1.113636367151777,2.597143301103859
125,9.815229694379658,1.1319872385037593,2.657615477822854
126,9.833774650236208,1.1329614537740553,2.665273583839536
127,9.831383695533237,1.1329614537740553,2.5075971631683873
128,9.847592499091682,1.1339427981692976,2.5142840841761465
129,9.857720496702186,1.1339427981692976,2.4766188927383483
130,9.868501625399002,1.1329427981692974,2.4629221055975243
131,9.877100050840692,1.123304502985136,2.415683218205122
132,9.898225788942312,1.1242900115980599,2.4690190180553104
133,9.909179154198098,1.11330143944742,2.427645396617468
134,9.919730892944505,1.1123014394474202,2.4142285103891625
135,9.938866961042642,1.126765413947479,2.4792402513378566
136,9.949485537402605,1.125765413947479,2.465737826427186
137,9.961353581060777,1.1148018409073674,2.4158072954809873
138,9.972124228399354,1.1138018409073676,2.3961858907619176
139,9.968775387734778,1.1317358762090324,2.495711743446112
140,9.97937272878075,1.1307358762090323,2.4822329879847294
141,9.990236711568151,1.1197755508425373,2.4409918793511154
142,10.0,1.1207577077367963,2.5106224363440113
143,9.997880405116117,1.1388075475602246,2.570629696038732
144,10.0,1.1397821180899423,2.609328851861645
145,9.996269944547084,1.158022942982649,2.669520828600768
146,10.0,1.1570229429826488,2.6548430873429796
147,9.99620537162334,1.1752191078235719,2.7149090654607053
148,9.998791866925606,1.1761846773074751,2.720402602306895
149,9.998147941531956,1.1955558856792987,2.8645355579367107
150,10.0,1.1965129181482872,2.9246804158091053
151,9.99585277345381,1.2144203622040697,2.9839222812160946
152,10.0,1.2134203622040698,2.9686474777272305
153,9.995664240059705,1.236351590292573,3.1402862443722768
154,10.0,1.2353515902925731,3.1109122443413018
155,9.995357393025644,1.2530254739018774,3.170952265167454
156,10.0,1.2520254739018775,3.137985323485394
157,9.996079850717145,1.2703265756243418,3.2115672703303857
158,10.0,1.269326575624342,3.16383434119956
159,10.0,1.2546613095610657,3.074645981473993
160,10.0,1.2536613095610656,3.0412665760801842
161,10.0,1.2411486025781437,2.977727124248619
162,10.0,1.2401486025781439,2.946604449627368
163,10.0,1.2287888858905185,2.891028689146547
164,10.0,1.2277888858905184,2.8759313974910925
165,9.993300636040122,1.2465435392476358,2.9844358741090375
166,10.0,1.2474921242642472,3.016108382989757
167,10.0,1.2359843913494992,2.962576927941144
168,10.0,1.234984391349499,2.947343803387226
169,9.995806349142143,1.2528475935940702,3.006465000448794
170,10.0,1.2518475935940703,2.982077336862848
171,9.996135069525653,1.269690619725307,3.0660441427365104
172,10.0,1.268690619725307,3.0412587105316415
173,9.995439248145253,1.2864451633849985,3.1015648972035983
174,10.0,1.2854451633849986,3.0673217697610466
175,10.0,1.3096007039037376,3.189089991373021
176,10.0,1.3086007039037375,3.146435261775693
177,9.99778575119885,1.32777089795821,3.2812634228543303
178,10.0,1.3267708979582098,3.255041067200553
179,9.98099688620721,1.347820740386515,3.329100373414276
180,10.0,1.346820740386515,3.2810825081050603
181,9.995494816338459,1.365135260746702,3.3771129147238512
182,10.0,1.3641352607467019,3.322497314771175
183,10.0,1.379977150721953,3.343143647210643
184,10.0,1.378977150721953,3.2958633661672736
185,10.0,1.378977150721953,3.2000733863379516
186,10.0,1.377977150721953,3.163145583019123
187,10.0,1.3643040828269593,3.1098028050883495
188,10.0,1.3633040828269594,3.087708863933062
189,9.99533111767038,1.3809465370758676,3.1476743719775047
190,10.0,1.3799465370758675,3.1223426538269594
191,9.995277267992154,1.39752721993011,3.182109045668885
192,10.0,1.3965272199301102,3.1609690822107277
193,10.0,1.3839193920888841,3.095732568823423
194,10.0,1.382919392088884,3.061194146394161
195,10.0,1.397144336957378,3.1311472251455434
196,10.0,1.3980779223792728,3.199581667274778
197,9.99402545880705,1.416416969271897,3.276419199046481
198,10.0,1.415416969271897,3.2513048003349794
199,9.999245379114152,1.4330623474053308,3.3122417271741256
200,9.999044030444573,1.4339850972940196,3.3513026040850944
201,10.0,1.448323563297698,3.3792934469240814
202,10.0,1.449242182447187,3.3797938972520156
203,10.0,1.4357516879696144,3.2908632988303075
204,10.0,1.4347516879696145,3.2679199300293047
205,9.999784971129284,1.4542484178668056,3.331800865448289
206,10.0,1.4532484178668055,3.305241359968452
207,10.0,1.4370577028595828,3.2061048646444905
208,10.0,1.4360577028595827,3.149403099261866
209,10.0,1.4232012404436865,3.0783100404656207
210,10.0,1.4222012404436866,3.0374949242457308
211,9.995131726110563,1.4404494611931362,3.156837691782357
212,10.0,1.4394494611931363,3.118734002518818
213,9.99523750830799,1.4577147858435422,3.207983629899408
214,10.0,1.456714785843542,3.1822488276209833
215,10.0,1.4406335536873696,3.0730675517430033
216,10.0,1.4396335536873694,3.0392277314163425
217,10.0,1.4550800092930765,3.0934451649943115
218,10.0,1.4540800092930766,3.071427964111998
219,9.997538071241431,1.4713060653281274,3.1258526776873956
220,10.0,1.4703060653281272,3.1006686607597005
221,10.0,1.48880900111129,3.1344918384943523
222,10.0,1.4878090011112899,3.0822147214836697
223,10.0,1.5095202488277903,3.158407604139178
224,10.0,1.5085202488277902,3.1360856383100653
225,9.99520290279835,1.5260084604611999,3.1955742433653977
226,10.0,1.5250084604612,3.1699223249830037
227,9.996358006979037,1.5432396764579979,3.2714196629640546
228,10.0,1.542239676457998,3.2452621393001326
229,9.997451016921493,1.560637746944567,3.3201702236192276
230,10.0,1.559637746944567,3.296047025602725
231,10.0,1.569744240480659,3.357819480771308
232,10.0,1.568744240480659,3.3272416661529007
233,10.0,1.5544839170098277,3.2413702685423718
234,10.0,1.5534839170098276,3.218659091465405
235,10.0,1.5747399913479856,3.3335079813452246
236,10.0,1.5737399913479855,3.3070058664728954
237,10.0,1.5623625424024585,3.241177524382034
238,10.0,1.5613625424024584,3.2184672515454955
239,10.0,1.577339666147671,3.297868956214574
240,10.0,1.5763396661476712,3.24942911856131
241,10.0,1.5641942552691885,3.1930290771688394
242,10.0,1.5631942552691886,3.1579929642875424
243,9.994489141750599,1.5796861987634472,3.2436735330932147
244,10.0,1.5786861987634473,3.2176992750884565
245,10.0,1.5675708308078002,3.1550752947687286
246,10.0,1.5665708308078001,3.132768962143993
247,10.0,1.5665708308078001,3.1163515070873524
248,9.981409681987769,1.5674966846909055,3.193283075816303
249,9.988715608398236,1.5674966846909055,3.1420637872955024
250,10.0,1.5684214323551382,3.1338866948404203
251,10.0,1.5526937938810847,3.0412134674647495
252,10.0,1.5516937938810846,3.022919579077649
253,10.0,1.5343972248449842,2.890962200004928
254,9.994433018616746,1.5353359568737415,2.9408877310289103
255,10.0,1.5500755748744677,3.00898465569303
256,10.0,1.5510076218629394,3.0522314310120047
257,10.0,1.5621403846057242,3.089420969882158
258,10.0,1.5611403846057241,3.0674226481186926
259,10.0,1.5431984786466855,2.9480774733099127
260,10.0,1.5421984786466854,2.9328718756802337
261,10.0,1.5319181595177673,2.8791963935859157
262,10.0,1.5309181595177672,2.84167835809397
263,9.995795320548474,1.5487665064395397,2.900809924674315
264,10.0,1.5477665064395396,2.873898332556539
265,9.997185427082941,1.5682208045108932,2.972674188687901
266,10.0,1.5672208045108933,2.952333573404618
267,9.995641240522296,1.584911730473224,3.011004347694312
268,10.0,1.5858420218445053,3.0286866661316227
269,10.0,1.57420857593344,2.9923388645352627
270,10.0,1.5732085759334402,2.9773673020545477
271,9.995014109542428,1.5908368863123963,3.0811070715392024
272,9.998713534246631,1.5917633888323128,3.2524330941620065
273,9.991916604058277,1.6094680346776866,3.351011926804749
274,10.0,1.6084680346776867,3.304775229605367
275,10.0,1.594496932405738,3.227851249633414
276,10.0,1.593496932405738,3.205639254641746
277,9.997915093221682,1.6120189219680223,3.2770773855316637
278,10.0,1.6110189219680222,3.2291431278421916
279,9.995658749526925,1.628239824532982,3.285154523519154
280,10.0,1.6272398245329822,3.249166327282427
281,10.0,1.644323253419844,3.3259733942936336
282,10.0,1.6433232534198439,3.2918711635587568
283,9.995216926877138,1.6604709223489098,3.3488621463713772
284,10.0,1.65947092234891,3.3154903817889245
285,10.0,1.6459745053094852,3.2306403447089798
286,10.0,1.6449745053094853,3.2079795060230785
287,10.0,1.654077742957659,3.2211896477936346
288,10.0,1.6530777429576589,3.156468760282205
289,10.0,1.6622121744686713,3.1699968880770233
290,9.991474020978888,1.6612121744686714,3.0592821767129315
291,9.987455263681568,1.6787429259853475,3.118944066575867
292,10.0,1.6777429259853474,3.059000909953774
293,9.99523003481644,1.6952613001973462,3.1186269835903206
294,10.0,1.694261300197346,3.0841748131746582
295,9.995101450251761,1.7133027562180556,3.180366829553108
296,9.995646889403012,1.7123027562180555,3.0214819834871967
297,9.999327637133957,1.6937649961448984,2.9466650080347145
298,10.0,1.6946929880919468,2.9919128181055035
299,9.995531365513456,1.712268954342472,3.0502641751951054
300,10.0,1.7112689543424722,2.977306880552212
301,9.999604450462385,1.7301124670471393,3.0463444010146965
302,10.0,1.7291124670471394,3.0088579767533177
303,10.0,1.7174490378148284,2.955399477176786
304,9.991306656930803,1.7183753953890788,2.996923553080708
305,9.987568338797287,1.7359371965659705,3.0552352094050175
306,9.994216440301548,1.736857886578896,3.121359916557468
307,10.0,1.736857886578896,3.170727339993772
308,10.0,1.7358578865788958,3.1483475773255667
309,10.0,1.7240393234031572,3.0932539164558346
310,10.0,1.7230393234031571,3.0712376127973844
311,10.0,1.7112297718215146,3.016905076347848
312,10.0,1.7102297718215147,2.953030226940966
313,9.99557196318716,1.7278484251247945,3.0115127679524196
314,10.0,1.7268484251247944,2.9870911326606873
315,10.0,1.7268484251247944,3.0012360893470635
316,10.0,1.7258484251247945,2.9752722571096752
317,10.0,1.7400066019376772,3.0650192491611117
318,10.0,1.7390066019376773,3.04313540569026
319,10.0,1.753632045113727,3.121549606706612
320,10.0,1.7526320451137272,3.0994005565773177
321,9.997716484115085,1.769603699568454,3.151852193690133
322,10.0,1.768603699568454,3.111663016708949
323,10.0,1.752846138223557,3.0156518604666975
324,10.0,1.7518461382235568,2.9939996192846015
325,9.994230573332864,1.768556778655551,3.0504272630556675
326,10.0,1.767556778655551,3.0207224365741805
327,10.0,1.7560952330186725,2.961924318696176
328,10.0,1.7570193320410867,3.0338445502764855
329,10.0,1.771934037947004,3.1322947336081213
330,10.0,1.770934037947004,3.104866716343328
331,9.997473157254246,1.789556338919314,3.2052329699044124
332,10.0,1.7885563389193142,3.179518471238918
333,9.997440566201284,1.8058548916989188,3.2758129126998328
334,10.0,1.8048548916989187,3.244535173603199
335,9.994939962143109,1.8219959655679825,3.302931672486048
336,10.0,1.8209959655679824,3.262606106170773
337,9.995730327048186,1.8398412517096343,3.33226986806576
338,10.0,1.8388412517096342,3.2990134881189896
339,10.0,1.8519172833207191,3.3343416505353236
340,10.0,1.8528179703740264,3.338821495162446
341,10.0,1.8528179703740264,3.348609107841659
342,10.0,1.8518179703740263,3.332023258871446
343,10.0,1.8382023548194368,3.250733885410819
344,10.0,1.8372023548194367,3.201579348749555
345,10.0,1.8510291534701637,3.2491041431942986
346,10.0,1.8500291534701638,3.2073083966911673
347,10.0,1.8660344594974378,3.273439853453515
348,10.0,1.865034459497438,3.2505782250470117
349,9.996956594603338,1.8826792228867655,3.3102813421348496
350,10.0,1.8816792228867656,3.2835266660222864
351,9.99729268319665,1.8995152621440705,3.3363453770301765
352,10.0,1.8985152621440706,3.3235406197439685
353,10.0,1.886155215584913,3.2526261943523043
354,10.0,1.885155215584913,3.2173024894772975
355,9.9949394099119,1.9022971128692046,3.2757205190804255
356,10.0,1.9012971128692044,3.2474864051197923
357,9.994898192300813,1.9183751879461448,3.305691903083846
358,10.0,1.9192740866277473,3.3450081384495514
359,10.0,1.9066896283172903,3.3073372976953537
360,10.0,1.9056896283172904,3.257324994554767
361,9.998182507001482,1.9237923745101053,3.327714560198277
362,10.0,1.9227923745101054,3.301182043636948
363,10.0,1.9427077940631978,3.374671932280227
364,10.0,1.941707794063198,3.3541595224263094
365,10.0,1.9540569433955821,3.4039733297458574
366,10.0,1.9530569433955822,3.3732185153435568
367,10.0,1.9405529717319272,3.3049499576213437
368,10.0,1.9414506965854597,3.3122412082435733
369,10.0,1.9298613482255842,3.2448257922499897
370,10.0,1.9288613482255843,3.1957607866623055
371,10.0,1.9114590806151532,3.0968902232118656
372,10.0,1.9104590806151531,3.0590335221188147
373,10.0,1.8975160091169094,2.980684690982057
374,10.0,1.8965160091169095,2.9654171892026486
375,9.998578865781456,1.9154500875582492,3.043926612652127
376,10.0,1.914450087558249,3.0128947062035207
377,9.99636648012376,1.9326440466757593,3.0769516574764317
378,10.0,1.9316440466757592,3.0433553380968044
379,10.0,1.9190272975370837,2.982588868496709
380,10.0,1.9199422167287818,3.0172097980577415
381,10.0,1.9199422167287818,2.9339048950972693
382,10.0,1.9208595243731905,2.9500123402510203
383,9.995472694664928,1.938376280793178,3.009497525582066
384,10.0,1.9373762807931778,2.9850892534824487
385,9.995425929079833,1.9548344860833144,3.0431303143001642
386,10.0,1.9538344860833143,3.018497259065391
387,9.997309325429118,1.9708351889015252,3.07646777158706
388,10.0,1.969835188901525,3.04039044213744
389,10.0,1.982406565353544,3.0778002830698488
390,10.0,1.9833135550111232,3.100613946871586
391,9.998303796509518,2.0008367799148106,3.168041825766075
392,10.0,1.9998367799148107,3.142576329467274
393,10.0,1.9877427074011207,3.0734965073861584
394,10.0,1.9867427074011208,3.0515728936852176
395,10.0,2.0000040421271947,3.145827236926474
396,10.0,1.9990040421271948,3.123564290663048
397,10.0,1.9822861248329833,3.0058888395312233
398,10.0,1.9812861248329832,2.984282400609559
399,10.0,1.9986267468819685,3.095601312359207
400,10.0,1.9995320354790063,3.117688275841528
401,10.0,2.01305278471208,3.1886019550727
402,10.0,2.01205278471208,3.158031739561249
403,9.984351634815061,2.033178882637199,3.3084500926260874
404,10.0,2.034072114155739,3.3518769715630965
405,10.0,2.044218746851643,3.402327845104651
406,10.0,2.043218746851643,3.3699476911814985
407,10.0,2.0651422127853944,3.3921067528550584
408,10.0,2.0641422127853946,3.365626810963465
409,10.0,2.0483994827224987,3.289974974661682
410,10.0,2.0492925639996296,3.359256093593868
411,10.0,2.036766388760232,3.3240334054404554
412,10.0,2.035766388760232,3.3009344223197097
413,10.0,2.022363687473399,3.224138876775433
414,10.0,2.021363687473399,3.1809174092088495
415,10.0,2.009208606775248,3.1235176768866113
416,10.0,2.0082086067752485,3.0966501349414703
417,9.995035842481645,2.0254855951718964,3.1555499317001967
418,10.0,2.026386642678703,3.1875838268593153
419,10.0,2.042540320876237,3.2581857443844235
420,10.0,2.041540320876237,3.2298601357288295
421,10.0,2.041540320876237,3.247617736067265
422,10.0,2.040540320876237,3.2163848327655433
423,10.0,2.0503078100337024,3.2415483243409144
424,10.0,2.0512032172269836,3.2902958704482614
425,10.0,2.0512032172269836,3.3264890657941466
426,10.0,2.0502032172269837,3.3033785621823775
427,9.997363377179735,2.067187341942904,3.3703135143053142
428,10.0,2.066187341942904,3.3449647762587214
429,10.0,2.0750600242772177,3.384084312010415
430,10.0,2.074060024277218,3.350839349112224
431,10.0,2.061532779962918,3.3156171693712713
432,10.0,2.0605327799629176,3.2954457699647404
433,10.0,2.071032284582012,3.354216495449081
434,10.0,2.070032284582012,3.3382350230927433
435,10.0,2.081463772297761,3.369062759069578
436,10.0,2.082351245971193,3.367955924557553
437,10.0,2.068501700324851,3.319069722901859
438,10.0,2.0675017003248506,3.2959940264135845
439,10.0,2.0561052039503736,3.2389977949649933
440,10.0,2.055105203950373,3.2162977481164035
441,9.996667232560084,2.0729675431368344,3.281995093085254
442,10.0,2.071967543136835,3.247541638926542
443,9.994449264686788,2.088344650815178,3.3320841661213323
444,10.0,2.0873446508151785,3.2851967492891383
445,10.0,2.0750117969397017,3.2236026845784322
446,10.0,2.074011796939702,3.1970852638105933
447,9.994887583282036,2.091076977679966,3.2552873691079407
448,9.97506753870391,2.090076977679966,3.206451787160298
449,9.983906505263636,2.1031391699614197,3.256051743329796
450,9.996402911876036,2.10213916996142,3.229962061964198
451,10.0,2.0908309006058317,3.1691506866756236
452,10.0,2.0917279015264674,3.202140140633594
453,10.0,2.0784884818775486,3.145215010155467
454,10.0,2.0774884818775488,3.1196595159151523
455,10.0,2.0615687147276436,3.022526646931234
456,10.0,2.0605687147276432,2.943246269279645
457,10.0,2.0605687147276432,2.925112088877983
458,10.0,2.059568714727644,2.85870195587042
459,10.0,2.0469526379152643,2.8057421992639937
460,10.0,2.0459526379152644,2.779429215337437
461,9.99562579496872,2.0636289531709577,2.8381519243033284
462,10.0,2.064543951611185,2.8900496997894916
463,10.0,2.0524351522318307,2.795167725041145
464,10.0,2.051435152231831,2.7802524235062487
465,10.0,2.040261554128441,2.7177200841938847
466,10.0,2.039261554128441,2.702951815454102
467,10.0,2.0281410879361412,2.650828074047365
468,10.0,2.029067139478042,2.6454920169671725
469,10.0,2.018372958646574,2.590053148898933
470,10.0,2.0193025373411966,2.597664973838611
471,10.0,2.0092655371878725,2.5422958834955085
472,10.0,2.010197959116838,2.550476629178176
473,10.0,2.020978131710244,2.6052768800955617
474,10.0,2.0219068189596534,2.6114006824087603
475,10.0,2.0108323109545307,2.5531688281267937
476,10.0,2.011764110897577,2.569111955104657
477,10.0,2.0340453845353412,2.715856229150829
478,10.0,2.0330453845353413,2.620239906202638
479,9.99575933624039,2.0510153417791646,2.6828773853601433
480,10.0,2.050015341779165,2.673876393325222
481,10.0,2.050015341779165,2.6541060436232473
482,10.0,2.0509401357098946,2.670049443654155
483,10.0,2.071064903331914,2.7336769298123635
484,10.0,2.0719846662402572,2.8002861254774007
485,10.0,2.060732345061002,2.7465505515316626
486,10.0,2.0597323450610023,2.7256689018715927
487,9.996220748107126,2.0774766736032637,2.7904280213515
488,10.0,2.0764766736032634,2.7755207253193075
489,9.995616020046928,2.0941428260922983,2.834219048941581
490,10.0,2.093142826092298,2.819228329790291
491,9.997579482275953,2.111850871096564,2.943319345667775
492,10.0,2.1108508710965648,2.9281222865705203
493,9.996810807448265,2.127914549098125,2.9704510689322223
494,10.0,2.1288196946010745,2.9997699796989847
495,10.0,2.1173210094831663,2.9335486519608263
496,10.0,2.1163210094831664,2.9032046284317494
497,9.995439233693121,2.133801638726604,2.9613542899256013
498,10.0,2.134706972145498,2.997458661997507
499,10.0,2.1457888079472216,3.065870048223538
500,10.0,2.1447888079472217,2.9779182080368995
501,9.996934266156174,2.161841088417452,3.029253978326847
502,10.0,2.160841088417452,2.993554763194113
503,9.995313766432721,2.1781639949597853,3.051221740301571
504,10.0,2.177163994959785,3.0175996160312804
505,10.0,2.1630516215244375,2.926926187624049
506,10.0,2.1620516215244376,2.9117607452866503
507,10.0,2.1822575976014837,2.9960408966311496
508,10.0,2.181257597601484,2.980744241402853
509,9.995319199974313,2.198588467484867,3.038440735315803
510,10.0,2.1975884674848674,3.019767327432478
511,9.998255170367395,2.2151654048190093,3.082562576908786
512,10.0,2.214165404819009,3.0058088829592298
513,10.0,2.1976217423919326,2.9006575402287345
514,10.0,2.196621742391933,2.8855419683923365
515,10.0,2.216500833518681,3.014865800767572
516,10.0,2.217399265186967,3.0275353078944858
517,10.0,2.206569681904951,2.970159517956806
518,10.0,2.205569681904951,2.9440908351646073
519,10.0,2.194646545537535,2.906975952029739
520,10.0,2.1955514644126564,2.957529803531235
521,9.992765519481026,2.2140585636332215,3.059614687218125
522,10.0,2.213058563633222,3.0219016950686686
523,10.0,2.198904923641048,2.9308920052714895
524,10.0,2.1979049236410475,2.91260949925601
525,10.0,2.209708177242721,2.97416118924511
526,10.0,2.208708177242721,2.9589060722031033
527,10.0,2.1967102599171873,2.918640607250613
528,10.0,2.1957102599171874,2.9034908949216187
529,10.0,2.1814985763346257,2.836019905185905
530,10.0,2.1804985763346254,2.8209643441830297
531,10.0,2.170363891149816,2.764380371982294
532,10.0,2.1693638911498168,2.730178343857575
533,10.0,2.1581664507731855,2.67865146861336
534,10.0,2.157166450773185,2.6639573708578346
535,9.995715274658215,2.174928593315288,2.722951336468924
536,10.0,2.1758437850133054,2.7921950757989733
537,10.0,2.164960605025901,2.7386042008567117
538,10.0,2.1658754267856075,2.8360097804111866
539,10.0,2.1518084378237616,2.737366948023652
540,10.0,2.1508084378237617,2.712523256820266
541,10.0,2.1632135808400363,2.752218978321498
542,10.0,2.162213580840036,2.711176166462856
543,10.0,2.186169204610468,2.856347377514388
544,10.0,2.1851692046104683,2.8078903430368247
545,10.0,2.173818444857103,2.7563433909417037
546,10.0,2.1728184448571035,2.7415017966275648
547,9.995611951936443,2.1904806490824953,2.800207547580139
548,10.0,2.189480649082495,2.785085976208473
549,10.0,2.2052043576622875,2.870644821371765
550,10.0,2.204204357662287,2.855586228081056
551,10.0,2.2149861515808418,2.8999012842977576
552,9.988951682850587,2.2139861515808414,2.822339051359951
553,9.985188553378421,2.2315283244281003,2.880690398116272
554,9.99996002130963,2.2305283244281005,2.865599013941906
555,10.0,2.2458750347117955,2.944508561809679
556,10.0,2.2448750347117956,2.9293097396870094
557,10.0,2.232940299559524,2.837769747534117
558,10.0,2.2319402995595246,2.8227735669127036
559,9.995483274693711,2.249467568521749,2.8810862934923303
560,10.0,2.2484675685217494,2.8660065375532664
561,9.99542196338258,2.2659305052389573,2.924129551753407
562,10.0,2.264930505238958,2.8974997395675275
563,9.99537695767773,2.2823400100621094,2.9554613550544255
564,10.0,2.2813400100621095,2.918205026147276
565,9.994997691714655,2.2988356243955472,3.010759947759164
566,10.0,2.297835624395547,2.986342733418169
567,10.0,2.2803732090833004,2.7464641695422674
568,10.0,2.2793732090833005,2.7315857782847477
569,10.0,2.269421907843865,2.676923792115193
570,10.0,2.2703345905588668,2.7821880260504077
571,10.0,2.2585528136240156,2.7194876520702573
572,10.0,2.2575528136240157,2.7047160276382605
573,9.99106861517481,2.2791144844721245,2.864439061648879
574,10.0,2.278114484472124,2.87175824459299
575,10.0,2.2869101730163335,2.9033455567929347
576,10.0,2.285910173016334,2.876876992820994
577,10.0,2.285910173016334,2.8683005296351665
578,10.0,2.2849101730163337,2.8624225338703853
579,9.995544111732928,2.302327777696203,2.921633124906394
580,10.0,2.301327777696203,2.9010941178207905
581,10.0,2.288876742703429,2.833647681633518
582,10.0,2.2878767427034292,2.810408259215097
583,10.0,2.2878767427034292,2.9529289850568006
584,10.0,2.2868767427034293,2.937704249495191
585,10.0,2.275113347016729,2.8828150847846836
586,10.0,2.274113347016729,2.8699938372593072
587,9.999145215027703,2.2940945754177644,2.9930173664345086
588,10.0,2.293094575417764,2.961550983230652
589,10.0,2.2798165921962408,2.8785888890374127
590,10.0,2.2788165921962413,2.8635152140933355
591,9.994744306285366,2.295412456694017,2.92123729615603
592,10.0,2.294412456694017,2.9060808368038424
593,9.999552996148095,2.3139934300033413,3.037117335617091
594,10.0,2.312993430003342,3.017851104891704
595,9.995005851391532,2.3302289410979715,3.076681139845938
596,10.0,2.3292289410979716,3.0592710496747424
597,9.996105049706943,2.3470127201309516,3.1342319939272394
598,10.0,2.3460127201309517,3.1089908985034485
599,10.0,2.354788917407366,3.1539557727734286
600,10.0,2.3537889174073663,3.1063103253265063
601,9.997866161606924,2.3710306122666545,3.1735541102184577
602,10.0,2.3700306122666546,3.1351984826127373
603,9.996640159428289,2.3864190468013007,3.207291743339429
604,10.0,2.3854190468013003,3.172215107836435
605,10.0,2.399006827243288,3.2210570217980106
606,10.0,2.3998858240508363,3.21080960650574
607,10.0,2.3866249274152835,3.135867507897557
608,10.0,2.385624927415283,3.106935208168555
609,9.994871570152991,2.4026604231950257,3.1651164077907654
610,10.0,2.4016604231950254,3.118058974719466
611,10.0,2.3874839195052706,3.0310532316598064
612,10.0,2.386483919505271,3.0043470570427155
613,10.0,2.376166592611182,2.920670645075531
614,10.0,2.3751665926111825,2.9055170787603815
615,9.995501680434884,2.396495393177269,3.097183022843063
616,10.0,2.395495393177269,3.059986893467227
617,10.0,2.4091377270699934,3.113330185574438
618,10.0,2.4081377270699935,3.077277112559334
619,9.994895333216856,2.4252148023971807,3.135601938307671
620,10.0,2.424214802397181,3.110350437542078
621,9.999240135776263,2.4427976213384874,3.218219881463939
622,10.0,2.4436745856606317,3.208737905177463
623,10.0,2.4568361535483803,3.2382795976216006
624,10.0,2.455836153548381,3.180491927304601
625,10.0,2.4435499881253335,3.1139712866884097
626,10.0,2.444432112061593,3.2144068393738605
627,9.994746986469355,2.461216253810884,3.2717531322105406
628,10.0,2.4602162538108843,3.2623264268281735
629,10.0,2.473944464390792,3.336232523442249
630,10.0,2.4729444643907916,3.3235484764659726
631,10.0,2.4729444643907916,3.2995199856294564
632,10.0,2.471944464390792,3.2765360048267103
633,9.99421062236889,2.4878377787564405,3.355167084549564
634,9.99870022509954,2.488705744300828,3.395269541540956
635,10.0,2.499705505511201,3.408617789468582
636,10.0,2.498705505511201,3.374836121017894
637,10.0,2.485014376170698,3.332107699347418
638,9.999394028624673,2.4858835200669223,3.358192951800735
639,10.0,2.4737531050891084,3.318586148604872
640,10.0,2.472753105089108,3.295512720758244
641,10.0,2.457100633011806,3.181004223079999
642,10.0,2.456100633011806,3.1405468085582027
643,10.0,2.4404681175921246,3.021481484368387
644,10.0,2.4413550201120264,3.051879525164667
645,9.996406429653812,2.4579613228775488,3.123806665631698
646,10.0,2.4569613228775484,3.098635544149267
647,10.0,2.444827281045036,3.042415990127691
648,10.0,2.4438272810450368,3.0047842564428495
649,9.994043116423065,2.462220032312959,3.1607670283068634
650,10.0,2.4612200323129585,3.140054536812003
651,9.994808992553258,2.47814380728767,3.1978845696695384
652,10.0,2.4771438072876695,3.177150752721108
653,9.99476601945625,2.493984923827311,3.2347072304149744
654,10.0,2.4929849238273105,3.184573892294039
655,10.0,2.5058562205158306,3.2563352703519675
656,10.0,2.506728110941287,3.273170613069508
657,9.99493336427459,2.5233328924296563,3.328599413609048
658,10.0,2.522332892429656,3.3020583403811883
659,10.0,2.522332892429656,3.263109440400152
660,10.0,2.5213328924296565,3.1939340568908214
661,9.999617371446716,2.538687026255431,3.2612507436291196
662,10.0,2.5376870262554316,3.196496338274933
663,9.99473305199855,2.55444447083888,3.253777610939311
664,10.0,2.55344447083888,3.22773626707206
665,10.0,2.533074808132458,3.079727794539577
666,10.0,2.533954168002324,3.10024341882049
667,10.0,2.5479340340033314,3.1673102484945512
668,10.0,2.546934034003332,3.144946516777811
669,10.0,2.534690605211856,3.0787619982480945
670,10.0,2.5336906052118557,3.058018297595894
671,10.0,2.5458827763436385,3.083563378508364
672,10.0,2.5448827763436386,3.056662933731418
673,9.99486852353675,2.561910266160915,3.114858246622561
674,9.98563181333432,2.5609102661609153,2.906566671188626
675,9.998682803612809,2.5609102661609153,2.9044315121347126
676,10.0,2.5599102661609154,2.889308544676459
677,10.0,2.5716182861537176,2.932152708042398
678,10.0,2.5706182861537177,2.902355458162425
679,10.0,2.55658200876824,2.8053588063815833
680,10.0,2.5555820087682406,2.792179189037304
681,10.0,2.543212893770452,2.741729785587571
682,10.0,2.542212893770452,2.726915934910532
683,9.995453247824935,2.5597096725460613,2.785199251509065
684,9.99985477973505,2.5606025180349024,2.7967514039141226
685,10.0,2.5437155060770182,2.7600079804069644
686,10.0,2.542715506077018,2.7451594289431163
687,10.0,2.530588884112965,2.6930810667392766
688,10.0,2.5295888841129646,2.676695488592287
689,10.0,2.518175352370263,2.629453477893028
690,9.989237808513039,2.5171753523702627,2.5416906260376972
691,9.982599887185316,2.501704901407942,2.465676420199427
692,9.993093499668596,2.500704901407942,2.452325076071847
693,9.9952854889584,2.5221861011575344,2.583916701760219
694,10.0,2.523090890307609,2.5915082487908276
695,10.0,2.5123419479369953,2.537623875342478
696,9.983318295907448,2.5113419479369954,2.4884950300584654
697,9.995364174835155,2.49951401406354,2.44360300586112
698,10.0,2.4985140140635407,2.4303475549925597
699,10.0,2.488715812821786,2.3943805907161106
700,10.0,2.489631658001609,2.417010475170968
701,9.996091436355417,2.5079730301464647,2.511550751531419
702,10.0,2.5088821321286536,2.521980999676689
703,10.0,2.4981058136903593,2.470128492145053
704,10.0,2.497105813690359,2.4091491194185455
705,9.98799831468884,2.4816564681304265,2.246441066000509
706,9.997933808088206,2.4806564681304266,2.2337814183137863
707,10.0,2.4905008178250325,2.2609400806111046
708,10.0,2.489500817825032,2.248252234203105
709,10.0,2.4777893465071608,2.2036667080304024
710,10.0,2.4787152737044336,2.361460781898008
711,10.0,2.5004270355021863,2.505753867872515
712,10.0,2.5013367264570174,2.5237790828914224
713,10.0,2.488564803648922,2.4465173040356163
714,10.0,2.4875648036489224,2.4289704276654756
715,10.0,2.475072073562316,2.38067498696305
716,10.0,2.4740720735623163,2.3676164293023296
717,10.0,2.4602119909578977,2.2801174269246314
718,10.0,2.4611349744870035,2.3060425849972335
719,10.0,2.4506583186535296,2.2513399619380827
720,10.0,2.4496583186535297,2.2386818384582408
721,10.0,2.4385122793741747,2.1968913286672405
722,10.0,2.437512279374175,2.165202515354835
723,10.0,2.437512279374175,2.178651100958951
724,10.0,2.436512279374175,2.1662180294671503
725,10.0,2.4530488437447344,2.230660638528283
726,10.0,2.452048843744734,2.218066540303233
727,10.0,2.4434132893982206,2.1741981899998883
728,10.0,2.4424132893982207,2.137864285589936
729,10.0,2.431995065597896,2.0816660965424094
730,10.0,2.4309950655978962,2.0614318809075107
731,10.0,2.4220322294131984,2.011331419121552
732,10.0,2.421032229413198,1.9994163861094938
733,10.0,2.412094753539586,1.9602521006333233
734,10.0,2.411094753539586,1.9343503860840088
735,10.0,2.4259880768187,2.0299472825797023
736,10.0,2.4249880768186998,2.016092386402465
737,10.0,2.447926022795537,2.171030332379304
738,10.0,2.4469260227955365,2.141815959299102
739,10.0,2.465727386910485,2.2589713294843285
740,10.0,2.4647273869104858,2.238807345578668
741,10.0,2.4543659507861166,2.1987854281932817
742,10.0,2.4533659507861167,2.1862900188093892
743,10.0,2.469315897518932,2.2741879795819533
744,10.0,2.4683158975189317,2.2614591163529356
745,10.0,2.487845478205646,2.3874725293796857
746,10.0,2.4868454782056464,2.374392925847369
747,10.0,2.496287946918987,2.395236692145588
748,10.0,2.495287946918987,2.3821330499883375
749,10.0,2.517026872149203,2.4557093187414023
750,10.0,2.5160268721492027,2.4319613269180422
751,9.982473608598532,2.490844159036338,2.209552620432368
752,9.987943298628226,2.489844159036338,2.1915266131269617
753,9.981991162480767,2.5109426816773235,2.3089778315472094
754,9.968558196340584,2.509942681677323,2.269762957297181
755,9.980578788734359,2.4990858653919092,2.2247108532507376
756,9.990475538009871,2.4980858653919094,2.2120999174177562
757,10.0,2.5112765417046488,2.2584826396649738
758,10.0,2.510276541704649,2.2387242668433913
759,9.992384031163311,2.527739635093094,2.3081353252624046
760,10.0,2.526739635093094,2.2952952831552915
761,10.0,2.5447302094109463,2.3593306254109576
762,10.0,2.5437302094109464,2.3434347433560188
763,10.0,2.5625275087263315,2.5131002395176063
764,10.0,2.5634337273389196,2.5750992060460107
765,10.0,2.5765734398056965,2.6282099798509453
766,10.0,2.5774732006347136,2.635759091366717
767,9.995548982554627,2.5950706365422374,2.6943514676790272
768,10.0,2.594070636542237,2.679626242139818
769,10.0,2.594070636542237,2.7049623169001964
770,10.0,2.5949656848945652,2.707589066159362
771,10.0,2.583168243906936,2.6425442907303838
772,10.0,2.582168243906936,2.6152789862956696
773,10.0,2.595152485494582,2.667682854852296
774,10.0,2.594152485494582,2.6517427849259
775,9.995824812265102,2.612841800478111,2.7440971344049796
776,10.0,2.611841800478111,2.6977515338719815
777,10.0,2.599459756680203,2.599227572163584
778,10.0,2.6003598223137607,2.6136695415960727
779,9.995322769684407,2.6171371784658977,2.676989313474157
780,10.0,2.6180325656859065,2.704961195088142
781,9.995444095106082,2.6355199874394613,2.763231605384533
782,10.0,2.634519987439462,2.7478630448736756
783,9.995383211882832,2.6519435263827056,2.805945083276667
784,10.0,2.650943526382706,2.7819356755503173
785,10.0,2.666075039640271,2.850170466942579
786,10.0,2.6650750396402705,2.807489016605234
787,9.994657964383476,2.6815637653874997,2.8649194922001655
788,10.0,2.6805637653875,2.844746876929911
789,9.999287305913406,2.7003627983235496,2.972885583633105
790,10.0,2.6993627983235493,2.957632802909605
791,9.99500852900839,2.716434599768171,3.018042536500621
792,10.0,2.7173079757407774,3.013928332145093
793,10.0,2.7317459676153373,3.0489970114609535
794,10.0,2.730745967615338,3.023972637107568
795,10.0,2.7197387249082015,2.961232640929643
796,10.0,2.7206146763399097,2.9936002505866406
797,10.0,2.7323829764371883,3.0273389884635793
798,10.0,2.731382976437188,3.0056319182604505
799,10.0,2.7196806004906087,2.950511496997347
800,10.0,2.7186806004906092,2.9353012784224433
801,10.0,2.731338942663394,2.9960798410739855
802,10.0,2.730338942663394,2.980783111910444
803,9.995079391532498,2.747353743146512,3.0376183049988246
804,10.0,2.7463537431465124,3.0130217226212848
805,10.0,2.7628778056015655,3.1123817510393974
806,10.0,2.761877805601566,3.086273214730912
807,10.0,2.7487579158174613,3.019309944927557
808,9.997027382355341,2.7496295124244243,3.0811400562343216
809,9.992490224452297,2.766478875666528,3.1387965607890744
810,10.0,2.765478875666528,3.1091164888265426
811,10.0,2.7534722593077188,3.070973340083363
812,10.0,2.752472259307719,3.0415123013576033
813,9.994810505587301,2.769393900157288,3.099409618881821
814,10.0,2.768393900157288,3.0431107272114937
815,10.0,2.75740395339023,2.997404860753444
816,10.0,2.7564039533902296,2.982105616066577
817,9.98033224904162,2.7387155808794867,2.829774879107334
818,9.995023359191212,2.737715580879487,2.814771165222678
819,10.0,2.725200150319525,2.740848472343107
820,10.0,2.724200150319525,2.723220832461243
821,10.0,2.71425425816945,2.657347284657292
822,10.0,2.715145678092309,2.6915658271258547
823,10.0,2.7371469825899624,2.787057822798951
824,10.0,2.736146982589963,2.7454321890565585
825,10.0,2.7239889174936653,2.673683615303753
826,10.0,2.722988917493666,2.655584249088008
827,10.0,2.711032740061399,2.564617975135727
828,10.0,2.710032740061399,2.4794147316601203
829,9.997557230872784,2.728854314053478,2.5749558419183542
830,9.995112894037026,2.727854314053478,2.4988112510572353
831,9.991502464929596,2.745543583258362,2.5576952113514904
832,10.0,2.7445435832583627,2.5268730912531665
833,10.0,2.730305476130166,2.4416926301407504
834,10.0,2.7293054761301665,2.4068619761838517
835,10.0,2.717564164220911,2.362407857153765
836,10.0,2.7165641642209106,2.282782516014572
837,10.0,2.705145081294073,2.2397984024623487
838,9.995772577930136,2.7060578341198855,2.2559148605105035
839,10.0,2.694712143299637,2.2132633793324126
840,10.0,2.6937121432996367,2.1969997672629633
841,10.0,2.7038217638698314,2.251142213062335
842,10.0,2.7028217638698315,2.232854916169341
843,10.0,2.721253027920649,2.292244165872643
844,10.0,2.7202530279206485,2.2794593988838683
845,10.0,2.734934261702705,2.3919581942284673
846,10.0,2.733934261702705,2.378864702628869
847,10.0,2.733934261702705,2.4020097487188963
848,10.0,2.732934261702705,2.372064673844603
849,10.0,2.721279018112006,2.328004543074118
850,10.0,2.7202790181120067,2.3151090583787535
851,10.0,2.7087757485782458,2.2717409602021856
852,10.0,2.7077757485782463,2.259019673190057
853,10.0,2.696422165921023,2.216333185286363
854,10.0,2.695422165921023,2.1633626840054063
855,10.0,2.686924502475009,2.121808294598777
856,10.0,2.685924502475009,2.1095512141240986
857,10.0,2.674972365918638,2.068680099455155
858,10.0,2.675895183295369,2.1285080243378744
859,10.0,2.687500142258954,2.1683020358792526
860,10.0,2.686500142258954,2.155901006128637
861,10.0,2.6754232104444706,2.114470698944573
862,10.0,2.6744232104444707,2.092490602945046
863,9.9976,2.6943448647537993,2.2184122572543767
864,10.0,2.6952592748976985,2.286858802374653
865,9.995304937579968,2.7138362311556277,2.3552894897119927
866,9.996684547469185,2.7147428687708324,2.3869378448059484
867,10.0,2.703060112787639,2.3427480124565263
868,10.0,2.702060112787639,2.311652394303872
869,10.0,2.691286113662796,2.2147081171940273
870,10.0,2.690286113662796,2.2021634095715013
871,9.995762567938637,2.7090896662755357,2.2808443219828796
872,10.0,2.7080896662755354,2.263592606079972
873,10.0,2.725767647043276,2.3567455562807917
874,10.0,2.724767647043276,2.3386854579426046
875,10.0,2.7132019164748207,2.2950327993977373
876,10.0,2.712201916474821,2.2822393985204927
877,10.0,2.725161920769918,2.3640068601314495
878,10.0,2.724161920769918,2.3245660057559063
879,10.0,2.713279680433743,2.2710536619713313
880,10.0,2.7122796804337432,2.251626166626138
881,10.0,2.7009421569004286,2.209013923513935
882,10.0,2.6999421569004287,2.1843973998123656
883,10.0,2.6896313726866823,2.1381354680281284
884,10.0,2.6886313726866824,2.1258278369905454
885,10.0,2.677633792627022,2.084753627639063
886,9.99545685759071,2.676633792627022,1.9586725304508819
887,10.0,2.6623193626090553,1.890651062119184
888,9.999694245377801,2.6613193626090554,1.8735195046169195
889,10.0,2.6613193626090554,1.8758753017940162
890,10.0,2.6603193626090555,1.852393879985222
891,9.998305384472449,2.677872568689843,1.9429908840569912
892,10.0,2.676872568689843,1.9312870503605766
893,10.0,2.6690711848166595,1.8948534434261295
894,10.0,2.6680711848166596,1.8740894907880499
895,10.0,2.65967295218191,1.8338176714569732
896,10.0,2.65867295218191,1.8224522387726458
897,9.994907389579812,2.6774787235535156,1.9158674930377184
898,10.0,2.676478723553516,1.9013625902600042
899,10.0,2.6675602366444826,1.8605626077867503
900,9.9976,2.668493830502261,1.9565531268344458
901,10.0,2.6591079117399667,1.917862117583243
902,10.0,2.658107911739967,1.9062364748828318
903,9.998293972471659,2.675572995090369,1.9601693768332342
904,10.0,2.674572995090369,1.9284945042515707
905,9.999591640935327,2.692155457182845,1.9862435028566228
906,10.0,2.691155457182845,1.9673427127379148
907,10.0,2.6835572107068653,1.9300053844004639
908,10.0,2.6825572107068654,1.9183421449307303
909,10.0,2.7024871657390817,2.0842720999629485
910,10.0,2.7014871657390813,2.0721312353033543
911,9.9957494661453,2.687765267862981,1.9955699386489365
912,10.0,2.686765267862981,1.9837018346038846
913,9.998822834327589,2.704461810381024,2.0417106571337293
914,10.0,2.7034618103810244,2.027871075232852
915,10.0,2.7034618103810244,2.05647571744605
916,10.0,2.702461810381024,2.0444209131684943
917,10.0,2.69128795068566,2.001973785765202
918,10.0,2.69028795068566,1.9900877249224944
919,10.0,2.69028795068566,2.028571983924123
920,10.0,2.68928795068566,2.01142915526441
921,10.0,2.678597042278219,1.9717295460116262
922,10.0,2.6775970422782196,1.9599371243619348
923,9.997195620327204,2.6946674044684684,2.019961478093242
924,10.0,2.6936674044684685,2.002014576271508
925,10.0,2.7105926203694297,2.1819397921724706
926,10.0,2.70959262036943,2.1694965385635516
927,10.0,2.70959262036943,2.189029289010012
928,10.0,2.70859262036943,2.1716093882109986
929,9.997244248740037,2.7293590263401173,2.293780166940623
930,10.0,2.728359026340118,2.275112337232547
931,10.0,2.719690903596203,2.2300584556360463
932,10.0,2.718690903596203,2.217466221829495
933,10.0,2.7102188456555085,2.173849874280054
934,9.9785725815324,2.7111346422195117,2.241640065990177
935,9.987552223918444,2.701093906583024,2.1976893546695355
936,9.997367038535875,2.700093906583024,2.1851794122464976
937,10.0,2.6889316636563008,2.143365441367541
938,10.0,2.6879316636563013,2.1276381376810063
939,10.0,2.6769296763024926,2.0865440263308495
940,10.0,2.6778515026173606,2.1573587586902505
941,10.0,2.6667762486934437,2.1159341285026088
942,10.0,2.667697113174584,2.1351331354227066
943,10.0,2.679352380355258,2.1836073440769987
944,10.0,2.6783523803552582,2.1711589275605006
945,9.995483255845631,2.6783523803552582,2.1558588684087656
946,10.0,2.6773523803552584,2.1434943330547527
947,10.0,2.6663146672862412,2.102237849450873
948,10.0,2.6653146672862413,2.0863325410819478
949,9.992982233041749,2.654640899624739,2.029717570901026
950,9.996983642595803,2.655566822056551,2.1416953969999413
951,10.0,2.670343298699529,2.2163585506376418
952,10.0,2.669343298699529,2.179655206402072
953,10.0,2.6587276185278768,2.1253448294226995
954,10.0,2.6577276185278764,2.113076799482282
955,9.98583526395351,2.635692146070844,1.9969106815427118
956,9.99831762321025,2.6346921460708446,1.9815643549995146
957,9.999942054945226,2.625510320448448,1.9297866977317721
958,10.0,2.624510320448448,1.916474621393735
959,9.998310162005444,2.6419820389838105,1.9704110069399023
960,10.0,2.64098203898381,1.9586222803020465
961,10.0,2.64098203898381,2.028588955845986
962,10.0,2.6399820389838107,2.0095491316396235
963,9.996007693190844,2.658908714136473,2.088526357503121
964,10.0,2.6579087141364734,2.076370654190391
965,10.0,2.647063760249503,2.0359739471709988
966,10.0,2.646063760249503,2.023982618425961
967,10.0,2.637611372817423,1.986182137033008
968,10.0,2.636611372817423,1.942653988190596
969,10.0,2.626392069283675,1.8943123033044005
970,10.0,2.6273260340650455,1.95209568551965
971,10.0,2.6461743894401417,2.1083653261222914
972,10.0,2.6451743894401423,2.0961498664233416
973,10.0,2.6342845719264094,2.055549373034509
974,10.0,2.6332845719264095,2.0394525960085623
975,10.0,2.622554641172237,1.9995661592982836
976,10.0,2.6215546411722372,1.987687552708065
977,9.99492330023166,2.6108641610198067,1.9581703882372548
978,9.99944350354381,2.6098641610198063,1.9394055265778645
979,10.0,2.6222764782300425,1.9819054930190816
980,10.0,2.6212764782300426,1.9700815656190813
981,10.0,2.644206910327848,2.1260119977168888
982,10.0,2.643206910327848,2.113741902156664
983,10.0,2.643206910327848,2.0785634340445016
984,10.0,2.642206910327848,2.066440243985895
985,9.992433933913063,2.6609789504339063,2.156754701483283
986,10.0,2.6599789504339064,2.1404325855067645
987,10.0,2.6599789504339064,2.1174617017638626
988,10.0,2.660900078401297,2.111868885012574
989,10.0,2.660900078401297,2.0932948684429578
990,9.999966899940304,2.6599000784012965,2.0727080638445945
991,10.0,2.6599000784012965,2.1535104865756134
992,10.0,2.658900078401297,2.141155252941929
993,10.0,2.674724182905458,2.2091579125546663
994,10.0,2.6737241829054588,2.196630388921149
995,10.0,2.662037307660473,2.152194078745233
996,9.999971485315921,2.6610373076604734,2.1285756171333268
997,9.989971485315921,2.6610373076604734,2.324575617133327
998,10.0,2.660037307660473,2.298370757990799
999,10.0,2.6765012746084804,2.3878098939677446
1000,10.0,2.6774080590500517,2.451908244781335
